{
  "position": [
    -187.93316530502167,
    -8.028094240178032,
    605.4550196635755
  ],
  "focal_point": [
    239.0,
    359.0,
    59.0
  ],
  "view_up": [
    -0.1512674694120745,
    0.8712317009919255,
    0.4669833785954095
  ],
  "clipping_range": [
    101.984894493289,
    1645.760647029585
  ]
}
