{
  "position": [672.8975977230901, -527.9632048971774, -181.44694437696467],
  "focal_point": [134.4729766845703, 138.40769934654236, 146.27211797237396],
  "view_up": [-0.031726537510151476, 0.4203336827849108, -0.9068147671570479],
  "clipping_range": [458.6662524784732, 1496.729202742876]
}
