{
  "position": [
    355.9402780273538,
    -196.14652802938426,
    -22.496480750774595
  ],
  "focal_point": [
    134.472975,
    134.472975,
    146.0
  ],
  "view_up": [
    -0.058655815057408967,
    0.4218200774572101,
    -0.9047802592972198
  ],
  "clipping_range": [
    10.115772234072066,
    1011.5772234072067
  ]
}
