{
  "position": [-41.34803297782355, 18.259662865699624, 1088.1217083379104],
  "focal_point": [239.0, 359.31851959228516, 59.0],
  "view_up": [0.940142810761649, 0.15020999487952835, 0.30588960886482963],
  "clipping_range": [788.9436261006706, 1539.037093972852]
}
