{
  "position": [572.087998542002, -284.41285860362393, -70.82040308362754],
  "focal_point": [190.05378532189854, 117.72736580862211, 140.46695640145185],
  "view_up": [-0.0962599727342843, 0.3897586955292007, -0.9158723584149544],
  "clipping_range": [187.48824372829338, 1223.3909901531415]
}
