{
  "position": [41.652291865198656, 32.08327618141966, 1111.605639108157],
  "focal_point": [239.0, 359.31851959228516, 59.0],
  "view_up": [0.9030628253351385, 0.33198155473342833, 0.2725174871719116],
  "clipping_range": [825.4908942407366, 1493.0317025456586]
}
