{
  "position": [
    611.3006784787092,
    768.4335242929932,
    1032.6656364746298
  ],
  "focal_point": [
    239.0,
    359.31851959228516,
    59.0
  ],
  "view_up": [
    0.9184731016926094,
    0.08394971378353239,
    -0.38647070655202354
  ],
  "clipping_range": [
    737.2034379243803,
    1604.1674201700107
  ]
}
