{
  "position": [
    867.3963249445463,
    150.58503030657587,
    -405.1135152973677
  ],
  "focal_point": [
    134.4729766845703,
    138.40769934654236,
    146.27211797237396
  ],
  "view_up": [
    -0.5582094440577671,
    -0.35516979898908996,
    -0.7498377360807923
  ],
  "clipping_range": [
    516.4797462160083,
    1423.9539254501524
  ]
}
